pubid,prwp_id
-f6ydRqryjwC,3970
0EnyYjriUFMC,3734
4fGpz3EwCPoC,8270
5MTHONV0fEkC,4824
5nxA0vEk-isC,3665
7BrZ7Jt4UNcC,7820
7PzlFSSx8tAC,6093
7wO8s98CvbsC,7998
8d8msizDQcsC,5692
9yKSN-GCB0IC,4008
ALROH1vI_8AC,9367
ClCfbGk0d_YC,7984
Ehil0879vHcC,8925
FPJr55Dyh1AC,7750
LI9QrySNdTsC,8417
LkGwnXOMwfcC,5459
MhiOAD_qIWkC,8313
S16KYo8Pm5AC,8576
SP6oXDckpogC,6009
HE397vMXCloC,5504
TQgYirikUcIC,6020
Tyk-4Ss8FVUC,4426
ULOm3_A8WrAC,6546
WJVC3Jt7v1AC,5748
YohjEiUPhakC,8210
_kc_bZDykSQC,5458
abG-DnoFyZgC,3502
buQ7SEKw-1sC,4985
d1gkVwhDpl0C,4408
edDO8Oi4QzsC,5808
f2IySw72cVMC,3959
fFSKOagxvKUC,6902
nRpfm8aw39MC,9713
roLk4NBRz8UC,4477
tH6gc1N1XXoC,9133
u-coK7KVo8oC,9013
u-x6o8ySG0sC,4425
uWQEDVKXjbEC,6959
ubry08Y2EpUC,9449
KbBQZpvPDL4C,5438
,7694
,7807
2osOgNQ5qMEC,3014
fQNAKQ3IYiAC,7109
